,frequency,relative frequency
Female,155.0,0.5098684210526315
Male,149.0,0.4901315789473684
